,Anderson,Andrews,Angelina,Aransas,Archer,Armstrong,Atascosa,Austin,Bailey,Bandera,Bastrop,Baylor,Bee,Bell,Bexar,Blanco,Borden,Bosque,Bowie,Brazoria,Brazos,Brewster,Briscoe,Brooks,Brown,Burleson,Burnet,Caldwell,Calhoun,Callahan,Cameron,Camp,Carson,Cass,Castro,Chambers,Cherokee,Childress,Clay,Cochran,Coke,Coleman,Collin,Collingsworth,Colorado,Comal,Comanche,Concho,Cooke,Coryell,Cottle,Crane,Crockett,Crosby,Culberson,Dallam,Dallas,Dawson,Deaf Smith,Delta,Denton,DeWitt,Dickens,Dimmit,Donley,Duval,Eastland,Ector,Edwards,Ellis,El Paso,Erath,Falls,Fannin,Fayette,Fisher,Floyd,Foard,Fort Bend,Franklin,Freestone,Frio,Gaines,Galveston,Garza,Gillespie,Glasscock,Goliad,Gonzales,Gray,Grayson,Gregg,Grimes,Guadalupe,Hale,Hall,Hamilton,Hansford,Hardeman,Hardin,Harris,Harrison,Hartley,Haskell,Hays,Hemphill,Henderson,Hidalgo,Hill,Hockley,Hood,Hopkins,Houston,Howard,Hudspeth,Hunt,Hutchinson,Irion,Jack,Jackson,Jasper,Jeff Davis,Jefferson,Jim Hogg,Jim Wells,Johnson,Jones,Karnes,Kaufman,Kendall,Kenedy,Kent,Kerr,Kimble,King,Kinney,Kleberg,Knox,Lamar,Lamb,Lampasas,La Salle,Lavaca,Lee,Leon,Liberty,Limestone,Lipscomb,Live Oak,Llano,Loving,Lubbock,Lynn,McCulloch,McLennan,McMullen,Madison,Marion,Martin,Mason,Matagorda,Maverick,Medina,Menard,Midland,Milam,Mills,Mitchell,Montague,Montgomery,Moore,Morris,Motley,Nacogdoches,Navarro,Newton,Nolan,Nueces,Ochiltree,Oldham,Orange,Palo Pinto,Panola,Parker,Parmer,Pecos,Polk,Potter,Presidio,Rains,Randall,Reagan,Real,Red River,Reeves,Refugio,Roberts,Robertson,Rockwall,Runnels,Rusk,Sabine,San Augustine,San Jacinto,San Patricio,San Saba,Schleicher,Scurry,Shackelford,Shelby,Sherman,Smith,Somervell,Starr,Stephens,Sterling,Stonewall,Sutton,Swisher,Tarrant,Taylor,Terrell,Terry,Throckmorton,Titus,Tom Green,Travis,Trinity,Tyler,Upshur,Upton,Uvalde,Val Verde,Van Zandt,Victoria,Walker,Waller,Ward,Washington,Webb,Wharton,Wheeler,Wichita,Wilbarger,Willacy,Williamson,Wilson,Winkler,Wise,Wood,Yoakum,Young,Zapata,Zavala
2002,"54,740","13,022","80,803","22,616","8,942","2,036","40,767","24,818","6,637","18,652","63,508","3,897","31,804","249,671","1,446,755","8,950",685,"17,474","88,813","255,246","159,297","8,945","1,746","7,668","37,766","16,666","36,850","34,715","20,550","12,799","350,194","11,549","6,508","30,120","8,083","27,490","47,136","7,428","11,292","3,521","3,732","8,937","563,565","3,093","20,328","82,797","13,582","3,959","37,390","73,135","1,726","3,891","3,841","6,852","2,829","6,159","2,250,326","14,429","18,439","5,366","487,617","20,015","2,679","10,042","3,825","12,707","18,252","122,199","2,056","118,737","696,446","33,619","18,090","31,808","22,668","4,242","7,289","1,536","397,943","9,536","18,395","16,467","14,453","260,096","5,385","21,585","1,339","7,051","18,882","21,940","113,239","112,767","24,736","95,246","35,598","3,709","8,069","5,242","4,547","49,045","3,536,682","62,062","5,364","5,915","111,397","3,357","74,712","610,520","33,120","22,745","43,344","32,335","23,257","33,479","3,398","80,234","23,116","1,697","8,916","14,172","35,692","2,201","250,146","5,220","39,821","133,399","20,293","15,178","77,693","24,975",429,815,"44,894","4,521",308,"3,463","31,413","4,044","48,826","14,658","18,425","6,098","19,101","16,131","15,718","73,280","22,486","3,033","11,955","17,872",75,"249,407","6,421","7,927","216,571",795,"12,797","11,032","4,654","3,725","37,662","48,408","40,707","2,340","117,717","24,981","4,973","9,420","19,170","326,466","20,155","13,170","1,311","59,422","45,937","14,945","15,194","316,256","9,106","2,069","83,813","27,144","22,953","94,092","10,032","16,084","43,928","115,427","7,534","9,985","106,286","3,189","3,020","13,914","13,017","7,665",862,"16,053","50,078","11,002","48,244","10,477","8,985","23,415","66,820","6,042","3,036","15,982","3,388","25,155","3,164","181,107","7,229","55,412","9,374","1,326","1,487","4,072","8,071","1,524,249","125,920","1,009","12,559","1,739","28,387","104,035","848,090","14,033","20,825","36,739","3,273","26,309","45,495","49,953","84,573","62,216","35,060","10,337","30,741","206,001","40,915","5,094","130,761","14,248","20,198","290,112","34,254","6,960","52,381","37,633","7,212","17,665","12,514","11,616"
2003,"56,068","12,976","81,510","22,843","9,013","2,001","41,306","25,388","6,791","19,044","65,825","3,941","32,620","252,922","1,469,623","9,096",666,"17,647","88,839","261,269","163,279","9,030","1,763","7,627","37,654","16,881","37,776","35,330","20,575","12,913","358,492","11,582","6,391","30,065","8,037","28,021","47,832","7,411","11,270","3,490","3,678","8,827","589,394","3,026","20,507","84,837","13,526","3,991","37,598","71,364","1,699","3,847","3,862","6,718","2,778","6,148","2,246,432","14,354","18,454","5,310","509,732","20,034","2,670","10,075","3,898","12,570","18,333","122,739","2,042","122,620","705,200","34,131","18,086","32,380","22,910","4,191","7,364","1,513","418,747","9,597","18,483","16,477","14,747","265,269","5,531","22,128","1,332","7,135","19,181","21,762","114,421","113,775","25,016","98,137","35,553","3,699","8,225","5,216","4,534","49,472","3,586,133","62,018","5,789","5,883","115,665","3,362","76,349","632,475","33,755","22,955","44,448","32,625","23,336","33,396","3,345","80,958","22,773","1,672","8,965","14,070","35,580","2,235","250,183","5,148","40,008","136,264","20,355","15,119","81,322","25,892",428,795,"45,278","4,510",311,"3,394","31,339","4,018","49,159","14,675","18,579","6,169","19,152","16,234","15,795","73,734","22,721","3,097","11,768","18,153",72,"253,388","6,232","8,033","218,744",801,"12,989","11,120","4,553","3,762","37,695","49,123","41,549","2,311","119,164","24,917","4,885","9,366","19,388","341,499","20,223","13,139","1,319","59,816","46,078","14,938","15,148","317,632","8,981","2,072","83,553","27,294","23,021","97,041","10,155","15,709","44,779","117,067","7,583","10,290","107,607","3,130","3,123","13,703","12,910","7,563",825,"16,074","53,397","10,815","48,540","10,482","9,034","24,100","66,440","5,981","2,958","15,931","3,349","25,407","3,113","184,254","7,400","56,704","9,407","1,285","1,452","4,029","8,062","1,553,086","125,542",995,"12,534","1,702","28,947","104,330","856,315","14,156","20,823","37,232","3,202","26,258","46,184","50,293","84,674","63,609","36,333","10,237","30,995","211,786","41,026","4,926","130,411","14,023","20,418","302,895","35,458","6,738","53,691","38,915","7,235","17,892","12,584","11,513"
2004,"56,245","13,006","82,070","23,067","9,078","2,023","42,109","25,976","6,945","19,226","67,122","3,955","32,352","258,138","1,500,919","9,337",671,"17,871","89,055","268,051","166,150","9,002","1,768","7,593","37,940","16,964","38,966","36,200","20,692","13,156","366,299","11,715","6,381","30,053","7,947","28,749","48,315","7,366","11,278","3,373","3,559","8,817","617,802","3,028","20,450","88,119","13,646","4,018","37,815","71,943","1,679","3,865","3,857","6,625","2,695","6,208","2,244,020","14,062","18,671","5,409","529,811","20,176","2,641","9,964","3,915","12,539","18,442","124,163","2,027","125,733","717,652","34,887","18,066","32,692","23,107","4,118","7,130","1,492","441,139","9,731","18,684","16,532","14,978","269,760","5,800","22,454","1,290","7,071","19,370","21,551","114,998","114,541","25,209","101,495","36,259","3,665","8,181","5,209","4,474","50,220","3,630,185","62,583","5,800","5,851","119,395","3,410","77,807","653,779","34,064","22,919","45,411","33,061","23,578","33,403","3,345","82,092","22,478","1,629","9,028","14,039","35,493","2,242","250,638","5,173","40,309","138,833","20,298","15,109","84,240","26,650",440,791,"46,054","4,562",316,"3,395","31,362","3,940","49,233","14,584","19,664","6,322","19,130","16,220","15,837","74,285","22,942","3,028","11,689","18,220",55,"255,669","6,172","8,164","221,353",735,"13,146","11,004","4,398","3,811","37,388","49,627","42,363","2,265","120,746","25,136","4,880","9,280","19,444","357,607","20,389","12,983","1,270","60,427","46,545","14,560","15,013","321,879","9,149","2,039","83,580","27,276","22,892","99,320","10,168","15,554","45,315","117,682","7,561","10,446","109,441","3,161","3,138","13,584","12,721","7,630",841,"16,260","56,477","10,774","49,160","10,498","9,085","24,756","66,990","6,045","2,991","16,118","3,290","25,212","3,045","187,300","7,502","57,857","9,327","1,261","1,427","4,124","8,004","1,580,595","126,702",939,"12,532","1,652","29,461","104,744","870,809","14,246","21,038","37,530","3,168","26,205","46,941","51,366","84,718","64,551","36,850","10,189","31,330","217,858","40,992","4,934","131,677","13,879","20,767","316,532","36,721","6,735","54,497","39,600","7,362","17,921","12,727","11,512"
2005,"56,873","13,016","82,553","23,561","9,068","2,037","42,495","26,331","7,024","19,428","68,233","3,877","32,101","266,017","1,529,270","9,554",638,"17,990","89,239","274,336","169,824","8,830","1,726","7,562","38,172","17,167","39,798","36,388","20,715","13,281","373,429","11,990","6,449","30,088","7,908","29,388","48,751","7,205","11,317","3,338","3,540","8,739","647,187","2,980","20,493","91,018","13,746","4,039","38,143","72,610","1,653","3,840","3,851","6,521","2,648","6,238","2,250,830","14,092","18,737","5,314","553,669","20,342","2,563","10,031","3,833","12,426","18,533","125,378","2,011","129,955","728,095","35,336","17,990","33,221","23,342","4,135","6,983","1,439","462,953","10,745","18,843","16,618","15,331","274,806","5,742","22,858","1,273","7,070","19,656","21,776","115,666","115,402","25,350","105,585","36,066","3,613","8,263","5,258","4,417","51,141","3,681,829","62,811","5,794","5,904","125,302","3,480","78,001","674,982","34,203","23,094","46,470","33,330","23,500","33,277","3,416","82,822","22,209","1,613","9,092","14,037","35,558","2,249","250,849","5,194","40,449","140,692","20,232","14,967","87,388","27,849",457,784,"46,809","4,609",289,"3,449","31,242","3,822","49,344","14,583","18,906","6,542","19,185","16,330","16,104","74,303","22,919","3,057","11,631","18,425",70,"257,779","6,178","8,117","222,794",789,"13,136","10,980","4,447","3,813","37,132","50,140","42,977","2,212","122,516","25,017","4,957","9,322","19,551","372,541","20,312","13,012","1,257","60,939","46,854","14,625","14,745","325,515","9,384","2,010","83,500","27,511","23,140","101,891","10,099","15,385","45,472","118,771","7,719","10,589","111,113","3,143","3,154","13,444","12,675","7,601",855,"16,509","60,349","10,842","49,703","10,445","9,060","25,014","67,232","5,982","3,071","16,085","3,286","25,299","2,970","191,362","7,629","58,284","9,409","1,198","1,393","4,203","7,910","1,612,048","127,248",942,"12,417","1,695","28,803","104,974","891,266","14,395","20,935","37,957","3,117","26,368","47,108","51,579","84,453","65,676","37,242","10,232","31,710","223,703","40,987","4,945","130,767","13,830","21,229","332,169","37,706","6,578","55,613","39,917","7,404","17,801","13,043","11,565"
2006,"57,386","13,195","83,810","23,395","9,063","1,989","43,059","26,828","7,001","19,775","69,720","3,870","31,977","273,771","1,573,935","9,686",634,"18,046","90,235","284,248","175,433","8,790","1,704","7,490","38,492","17,000","41,109","36,533","20,839","13,309","380,169","12,068","6,413","30,095","7,780","29,980","49,162","7,214","11,157","3,257","3,492","8,853","683,935","2,952","20,608","95,637","13,814","3,957","38,241","72,217","1,577","3,855","3,739","6,466","2,587","6,205","2,275,434","13,987","18,770","5,355","584,561","20,108","2,466","9,972","3,779","12,298","18,545","127,476","1,995","135,276","744,795","36,355","17,945","33,540","23,631","4,098","6,855","1,432","490,916","10,755","19,123","16,720","15,707","279,182","5,996","23,487","1,202","7,121","19,633","22,100","117,174","117,118","25,639","111,878","36,162","3,582","8,389","5,293","4,409","51,470","3,807,435","63,699","5,911","5,817","132,111","3,523","78,404","695,352","34,484","22,912","47,952","33,746","23,551","33,328","3,459","83,770","22,176","1,649","9,177","13,954","34,861","2,264","245,962","5,160","40,393","142,501","20,242","14,985","91,395","29,134",426,770,"47,840","4,578",285,"3,488","31,149","3,788","49,386","14,338","19,472","6,549","19,181","16,348","16,334","74,269","23,093","3,115","11,559","18,502",75,"261,761","6,192","8,183","224,452",765,"13,264","10,992","4,443","3,862","36,743","50,951","43,936","2,199","125,844","25,082","4,854","9,279","19,781","392,497","20,558","13,168","1,236","61,750","47,338","14,349","14,740","329,113","9,557","2,010","81,687","27,859","23,456","105,387","10,035","15,403","45,495","119,780","7,638","10,830","112,464","3,160","3,264","13,237","12,747","7,548",849,"16,581","66,117","10,587","50,415","10,583","9,128","25,151","67,022","5,985","3,085","16,232","3,287","25,324","2,946","196,124","7,853","59,050","9,450","1,124","1,425","4,299","7,901","1,662,005","127,838",921,"12,448","1,710","29,541","106,125","925,151","14,376","21,034","38,004","3,174","26,301","47,401","52,194","84,528","65,591","38,260","10,301","32,199","229,307","41,073","5,055","131,376","13,835","21,463","351,970","39,007","6,642","56,569","41,099","7,404","18,227","13,069","11,642"
2007,"57,870","13,513","84,518","23,172","9,026","1,936","43,611","27,454","6,927","20,254","71,348","3,905","31,936","287,752","1,615,210","9,835",597,"18,077","90,456","293,296","179,472","8,843","1,647","7,413","38,221","16,982","42,026","36,906","20,888","13,418","386,306","12,253","6,361","30,176","7,737","30,714","49,669","7,148","11,051","3,194","3,375","8,774","714,330","2,973","20,648","99,540","13,775","4,018","38,252","73,324","1,513","3,976","3,759","6,262","2,536","6,336","2,291,891","13,865","18,916","5,199","609,001","19,961","2,461","9,845","3,806","12,097","18,636","130,459","2,062","139,988","755,578","36,678","17,712","33,644","23,898","4,080","6,683","1,383","516,564","10,799","19,162","16,776","16,187","283,770","6,049","23,787","1,164","7,142","19,512","22,438","118,331","118,260","26,046","117,667","36,080","3,440","8,452","5,365","4,296","52,446","3,863,344","63,661","6,047","5,802","140,480","3,538","78,178","715,264","34,650","22,844","48,870","34,331","23,641","33,817","3,462","84,351","22,138","1,609","9,068","13,857","35,069","2,277","247,629","5,131","40,654","145,123","20,102","14,900","95,694","30,330",415,788,"48,352","4,518",284,"3,546","31,370","3,721","49,387","14,270","19,728","6,675","19,238","16,421","16,390","74,515","23,090","3,178","11,528","18,935",79,"265,215","5,989","8,105","226,741",773,"13,353","10,951","4,494","3,897","36,452","51,367","44,577","2,176","128,954","24,946","4,871","9,339","19,822","411,416","20,469","13,251","1,228","62,274","47,272","14,335","14,750","330,512","9,812","1,992","82,255","27,679","23,351","109,408","10,075","15,321","45,727","119,537","7,712","10,994","114,782","3,260","3,308","13,072","13,039","7,414",887,"16,546","70,851","10,506","51,278","10,541","9,048","25,719","66,723","5,985","3,198","16,431","3,357","25,433","2,969","199,953","7,996","59,529","9,513","1,152","1,439","4,314","7,855","1,707,157","128,503",886,"12,424","1,653","30,231","106,680","955,399","14,425","21,279","38,275","3,123","26,217","47,676","52,151","85,261","65,517","39,809","10,275","32,434","234,594","40,845","5,138","130,564","13,746","21,576","373,723","40,354","6,775","57,247","41,414","7,588","18,135","13,388","11,657"
2008,"57,963","14,099","84,961","23,225","9,104","1,936","43,947","27,935","6,979","20,407","72,389","3,747","31,814","297,873","1,651,709","10,061",612,"17,939","91,349","301,336","185,098","8,868","1,651","7,345","38,135","17,025","42,477","37,671","21,127","13,474","393,000","12,331","6,260","30,217","7,758","31,619","49,976","7,123","10,843","3,100","3,348","8,899","741,264","3,017","20,818","103,272","13,834","4,108","38,223","74,552","1,527","4,157","3,783","6,192","2,490","6,506","2,314,018","13,804","19,054","5,252","630,104","19,902","2,400","9,833","3,688","11,945","18,520","133,064","2,084","144,394","769,930","37,137","17,698","33,870","24,347","4,065","6,528","1,334","542,957","10,604","19,446","16,939","16,641","288,643","6,158","24,206","1,218","7,164","19,538","22,772","118,834","119,157","26,273","123,398","35,662","3,398","8,497","5,512","4,187","53,206","3,938,580","64,107","5,820","5,839","147,674","3,680","78,033","736,694","34,997","22,958","50,112","34,472","23,635","34,393","3,374","84,447","21,851","1,571","9,030","13,957","35,170","2,316","249,430","5,198","40,554","148,635","20,131","14,867","99,285","31,754",410,787,"48,852","4,520",272,"3,507","31,555","3,650","49,467","14,036","19,812","6,653","19,185","16,550","16,832","74,915","23,065","3,183","11,479","19,034",61,"268,197","5,932","8,203","229,037",736,"13,340","10,748","4,558","3,876","36,708","52,190","45,131","2,217","132,502","25,065","4,876","9,285","19,882","429,818","20,917","13,092","1,197","62,957","47,408","14,393","15,093","333,526","9,962","2,004","82,612","27,916","23,537","112,911","9,994","15,251","45,794","119,740","7,683","11,022","116,518","3,339","3,241","12,922","13,211","7,430",904,"16,535","73,929","10,444","52,195","10,565","9,039","25,889","66,417","5,965","3,255","16,478","3,314","25,381","3,035","203,263","8,233","59,763","9,556","1,169","1,443","4,321","7,802","1,745,602","128,903",884,"12,394","1,635","30,963","107,639","980,699","14,380","21,570","38,706","3,231","26,206","47,882","52,470","85,762","65,726","40,578","10,588","32,869","240,287","40,893","5,199","130,340","13,506","21,763","395,437","41,657","7,024","58,181","41,722","7,765","18,104","13,640","11,725"
2009,"58,410","14,601","86,029","23,291","9,023","1,911","44,623","28,254","7,050","20,365","73,587","3,726","31,864","301,050","1,685,628","10,315",618,"18,004","92,231","309,236","191,434","9,054","1,634","7,297","38,001","17,076","42,611","37,829","21,388","13,548","400,303","12,364","6,220","30,297","7,856","34,230","50,447","7,030","10,832","3,086","3,310","8,867","765,791","3,042","20,784","106,350","13,912","4,076","38,413","74,673","1,509","4,333","3,740","6,057","2,384","6,571","2,346,378","13,741","19,084","5,180","649,702","20,048","2,423","9,848","3,670","11,917","18,497","136,930","2,012","147,392","786,759","37,594","17,762","33,865","24,470","4,014","6,508","1,321","569,130","10,601","19,743","17,120","17,163","287,428","6,368","24,608","1,224","7,157","19,628","22,719","120,069","121,238","26,422","128,265","35,926","3,343","8,527","5,556","4,086","54,228","4,034,866","65,185","5,970","5,862","153,619","3,802","78,231","757,468","35,005","23,086","50,841","34,919","23,660","34,882","3,423","85,261","22,184","1,587","9,057","14,089","35,331","2,326","251,332","5,260","40,633","150,583","20,093","14,805","101,709","32,655",403,793,"49,427","4,623",279,"3,568","31,876","3,647","49,600","13,791","19,652","6,771","19,226","16,565","16,862","75,041","23,173","3,326","11,410","19,175",77,"274,252","5,927","8,365","231,679",699,"13,483","10,669","4,710","3,982","36,579","53,434","45,605","2,227","136,238","24,864","4,877","9,399","19,768","445,836","21,575","12,954","1,200","64,012","47,584","14,446","15,128","338,220","10,225","2,040","81,586","28,071","23,678","115,802","10,082","15,490","45,537","120,118","7,593","10,956","119,084","3,377","3,274","12,835","13,550","7,410",929,"16,604","76,654","10,392","52,799","10,721","8,938","26,086","65,751","6,026","3,311","16,806","3,362","25,520","3,018","207,111","8,415","60,384","9,675","1,160","1,433","4,272","7,680","1,784,078","130,247",930,"12,550","1,654","31,749","108,879","1,006,503","14,472","21,737","39,084","3,327","26,223","48,463","52,359","86,635","66,748","42,087","10,734","33,459","245,908","40,998","5,375","130,913","13,575","21,862","410,800","42,181","7,128","59,134","41,870","7,908","18,466","13,876","11,544"
2010,"58,458","14,786","86,771","23,158","9,054","1,901","44,911","28,417","7,165","20,485","74,171","3,726","31,861","310,235","1,714,773","10,497",641,"18,212","92,565","313,166","194,851","9,232","1,637","7,223","38,106","17,187","42,750","38,066","21,381","13,544","406,220","12,401","6,182","30,464","8,062","35,096","50,845","7,041","10,752","3,127","3,320","8,895","782,341","3,057","20,874","108,472","13,974","4,087","38,437","75,388","1,505","4,375","3,719","6,059","2,398","6,703","2,368,139","13,833","19,372","5,231","662,614","20,097","2,444","9,996","3,677","11,782","18,583","137,130","2,002","149,610","800,647","37,890","17,866","33,915","24,554","3,974","6,446","1,336","585,375","10,605","19,816","17,217","17,526","291,309","6,461","24,837","1,226","7,210","19,807","22,535","120,877","121,730","26,604","131,533","36,273","3,353","8,517","5,613","4,139","54,635","4,092,459","65,631","6,062","5,899","157,107","3,807","78,532","774,769","35,089","22,935","51,182","35,161","23,732","35,012","3,476","86,129","22,150","1,599","9,044","14,075","35,710","2,342","252,273","5,300","40,838","150,934","20,202","14,824","103,350","33,410",416,808,"49,625","4,607",286,"3,598","32,061","3,719","49,793","13,977","19,677","6,886","19,263","16,612","16,801","75,643","23,384","3,302","11,531","19,301",82,"278,831","5,915","8,283","234,906",707,"13,664","10,546","4,799","4,012","36,702","54,258","46,006","2,242","136,872","24,757","4,936","9,403","19,719","455,746","21,904","12,934","1,210","64,524","47,735","14,445","15,216","340,223","10,223","2,052","81,837","28,111","23,796","116,927","10,269","15,507","45,413","121,073","7,818","10,914","120,725","3,367","3,309","12,860","13,783","7,383",929,"16,622","78,337","10,501","53,330","10,834","8,865","26,384","64,804","6,131","3,461","16,921","3,378","25,448","3,034","209,714","8,490","60,968","9,630","1,143","1,490","4,128","7,854","1,809,034","131,506",984,"12,651","1,641","32,334","110,224","1,024,266","14,585","21,766","39,309","3,355","26,405","48,879","52,579","86,793","67,861","43,205","10,658","33,718","250,304","41,280","5,410","131,500","13,535","22,134","422,679","42,918","7,110","59,127","41,964","7,879","18,550","14,018","11,677"
2011,"58,394","15,386","87,297","23,216","8,840","1,936","45,504","28,604","7,175","20,541","75,055","3,695","32,318","315,799","1,755,361","10,567",632,"18,259","92,808","319,147","197,450","9,349","1,659","7,216","38,000","17,328","43,216","38,470","21,359","13,511","413,201","12,422","6,238","30,281","8,094","35,699","51,090","7,027","10,668","3,082","3,266","8,743","812,540","3,085","20,806","112,113","13,867","4,124","38,443","76,625","1,507","4,358","3,652","6,044","2,393","6,888","2,408,697","13,747","19,522","5,147","685,740","20,205","2,401","10,109","3,686","11,796","18,582","139,642","1,979","152,373","819,896","38,922","17,848","33,878","24,749","3,947","6,368","1,361","606,064","10,562","19,602","17,492","17,908","295,605","6,560","25,039","1,238","7,208","19,755","22,661","121,430","122,656","26,655","135,809","36,381","3,312","8,389","5,580","4,159","55,070","4,179,568","66,338","6,031","5,959","163,270","3,956","78,837","795,517","35,200","22,931","51,563","35,259","23,434","34,990","3,412","86,687","22,024","1,592","9,030","14,048","36,204","2,282","253,494","5,289","41,224","152,094","20,270","14,959","105,199","34,421",438,813,"49,641","4,594",258,"3,607","32,029","3,722","49,861","14,059","19,924","7,002","19,311","16,556","16,829","75,990","23,591","3,334","11,507","19,073",95,"283,408","5,886","8,254","237,852",697,"13,753","10,475","4,884","4,033","36,681","55,260","46,507","2,214","140,224","24,607","4,883","9,396","19,759","471,415","22,070","12,770","1,200","65,655","48,074","14,563","15,143","343,263","10,444","2,072","82,341","28,062","24,007","118,320","10,276","15,643","45,580","122,305","7,754","11,003","123,424","3,393","3,431","12,682","14,098","7,321",926,"16,657","81,045","10,500","53,702","10,727","8,799","26,780","64,458","6,047","3,310","16,868","3,334","25,733","3,014","212,764","8,426","61,642","9,536","1,170","1,463","3,987","7,804","1,847,882","132,853",950,"12,661","1,637","32,452","111,751","1,061,709","14,686","21,674","39,731","3,284","26,588","48,972","52,487","87,557","68,409","44,101","10,671","33,966","255,935","41,287","5,446","130,803","13,452","22,167","442,031","43,667","7,165","59,967","42,092","7,971","18,355","14,227","11,875"
2012,"58,059","16,105","87,509","23,459","8,816","1,953","46,438","28,562","7,139","20,591","74,749","3,590","32,480","324,963","1,788,738","10,616",613,"18,126","93,030","324,224","200,260","9,259","1,576","7,196","37,808","17,433","43,377","38,682","21,575","13,488","415,877","12,487","6,089","30,031","8,262","36,508","51,277","7,100","10,523","3,028","3,202","8,667","835,230","3,024","20,724","114,873","13,723","4,085","38,717","78,458","1,485","4,525","3,705","6,036","2,316","7,059","2,455,930","13,611","19,373","5,242","707,892","20,358","2,322","10,471","3,645","11,582","18,459","144,495","1,990","153,739","832,310","39,405","17,570","33,601","24,661","3,838","6,348","1,310","624,824","10,637","19,484","17,931","18,307","301,049","6,418","25,175","1,280","7,331","19,930","22,920","121,854","123,089","26,679","139,641","36,258","3,268","8,249","5,534","4,097","55,122","4,263,094","66,256","6,090","5,885","168,519","4,093","78,992","808,334","35,157","23,074","52,129","35,312","23,213","35,495","3,357","86,979","22,022","1,573","8,992","14,271","35,854","2,296","251,605","5,277","41,651","153,415","19,870","14,859","106,553","35,551",447,825,"49,719","4,525",270,"3,639","32,097","3,730","49,656","13,863","20,054","7,157","19,528","16,505","16,741","76,370","23,686","3,447","11,655","19,266",86,"285,961","5,796","8,241","239,368",730,"13,746","10,374","4,980","4,056","36,544","55,765","46,796","2,204","147,332","24,114","4,832","9,329","19,477","484,565","22,430","12,703","1,197","65,866","48,163","14,434","14,932","347,939","10,612","2,046","82,887","27,867","24,001","119,482","10,184","15,568","45,510","122,739","7,619","10,939","124,975","3,477","3,352","12,723","14,265","7,256",942,"16,455","82,710","10,335","53,793","10,524","8,789","26,942","65,260","5,990","3,259","17,125","3,361","26,062","3,039","214,811","8,554","61,970","9,614","1,191","1,452","3,916","7,845","1,882,205","134,084",921,"12,632","1,610","32,612","113,307","1,096,886","14,372","21,504","39,918","3,263","26,746","48,976","52,207","89,116","68,609","44,335","10,823","33,930","260,595","41,136","5,589","131,701","13,289","22,208","455,750","44,353","7,371","60,424","42,383","8,055","18,278","14,276","12,014"
2013,"57,960","16,779","87,312","23,889","8,801","1,940","47,021","28,679","7,124","20,557","75,814","3,577","32,810","327,028","1,821,328","10,636",646,"17,863","93,374","329,890","204,116","9,287","1,562","7,259","37,671","17,269","43,580","39,201","21,729","13,502","417,357","12,462","5,988","30,237","8,120","37,367","51,093","7,055","10,455","3,009","3,180","8,526","856,398","3,100","20,717","118,627","13,554","4,122","38,456","76,761","1,442","4,718","3,763","5,924","2,306","7,110","2,484,486","13,219","19,180","5,120","728,624","20,377","2,297","10,894","3,561","11,581","18,279","149,656","1,899","155,928","830,864","39,886","17,242","33,510","24,721","3,859","6,245","1,286","651,847","10,615","19,597","18,400","18,807","306,589","6,371","25,363","1,271","7,452","20,143","22,996","122,362","123,233","26,792","142,881","35,676","3,164","8,241","5,547","4,065","55,305","4,353,187","66,267","5,999","5,901","176,035","4,153","78,669","818,619","34,851","23,408","52,860","35,299","22,809","36,185","3,339","87,429","21,921","1,610","8,951","14,610","35,617","2,231","253,079","5,263","41,681","154,535","20,044","14,727","108,248","37,133",438,782,"49,787","4,461",273,"3,632","32,021","3,722","49,092","13,663","20,142","7,444","19,631","16,545","16,620","76,849","23,440","3,490","11,817","19,509",106,"289,515","5,728","8,243","241,443",760,"13,820","10,277","5,272","4,120","36,500","56,532","47,238","2,137","152,356","24,090","4,872","8,999","19,387","498,392","22,146","12,680","1,192","65,193","48,036","14,341","15,068","352,946","10,704","2,088","82,811","27,886","23,790","119,785","9,986","15,660","45,522","122,127","7,386","11,033","126,753","3,633","3,318","12,487","14,494","7,279",919,"16,431","84,670","10,196","53,332","10,424","8,663","26,731","66,134","5,960","3,191","17,272","3,375","25,977","3,070","216,475","8,566","62,381","9,371","1,229","1,418","3,982","7,720","1,912,767","133,927",891,"12,713","1,606","32,587","114,680","1,122,248","14,445","21,508","39,757","3,386","26,904","49,044","52,328","90,066","69,404","45,408","11,205","34,201","264,430","41,122","5,716","132,192","13,204","22,019","470,017","45,217","7,635","61,019","42,346","8,222","18,354","14,385","12,195"
2014,"57,829","17,435","87,567","24,566","8,844","1,913","47,715","28,968","6,966","20,813","77,737","3,566","32,841","330,149","1,858,003","10,805",665,"17,716","93,268","337,570","208,975","9,150","1,552","7,228","37,553","17,387","43,954","39,703","21,812","13,505","419,005","12,657","6,036","30,123","7,927","38,296","51,189","7,196","10,377","2,945","3,217","8,416","884,688","3,016","20,696","123,214","13,472","4,089","38,764","76,166","1,429","4,897","3,790","5,825","2,282","7,214","2,519,410","13,445","19,123","5,142","753,188","20,518","2,215","10,987","3,483","11,509","18,257","154,588","1,904","159,204","833,783","40,514","17,210","33,593","24,782","3,874","5,947","1,275","684,048","10,563","19,677","18,938","19,335","313,367","6,417","25,473","1,328","7,506","20,347","23,432","123,599","123,146","26,997","146,811","34,451","3,075","8,160","5,561","3,990","55,510","4,455,994","66,581","6,055","5,811","184,854","4,165","79,324","829,819","34,767","23,463","53,812","35,686","22,809","36,542","3,306","88,639","21,915","1,574","8,880","14,723","35,424","2,217","252,897","5,328","41,504","156,733","19,850","14,910","110,872","38,363",437,748,"50,343","4,464",263,"3,554","31,891","3,801","49,411","13,484","20,106","7,481","19,779","16,621","16,730","78,045","23,529","3,553","12,057","19,666",89,"294,433","5,798","8,152","243,166",799,"13,871","10,149","5,462","4,095","36,478","57,115","47,830","2,128","156,725","24,143","4,872","9,070","19,365","517,146","21,986","12,606","1,149","65,240","47,913","14,292","15,126","356,657","10,715","2,069","83,244","28,041","23,750","122,147","9,952","15,828","45,813","122,061","7,194","11,013","128,733","3,785","3,347","12,445","15,124","7,362",914,"16,468","87,064","10,294","53,212","10,428","8,481","27,049","66,656","5,858","3,164","17,377","3,316","25,607","3,065","219,642","8,559","62,965","9,342","1,340","1,388","3,969","7,554","1,946,122","134,987",910,"12,795","1,613","32,502","116,319","1,152,260","14,298","21,468","40,280","3,482","27,022","48,845","52,781","91,042","70,076","46,765","11,571","34,403","267,465","41,095","5,696","132,646","12,988","21,935","487,913","46,145","7,819","61,702","42,764","8,398","18,274","14,376","12,243"
2015,"57,639","18,072","87,829","24,800","8,763","1,901","48,363","29,471","7,223","21,144","80,115","3,609","32,617","336,076","1,894,834","11,029",655,"17,864","93,050","345,227","216,258","9,143","1,514","7,190","37,736","17,611","44,734","40,419","21,887","13,589","419,450","12,699","6,013","30,140","7,787","39,028","51,568","7,169","10,359","2,977","3,227","8,316","915,243","3,010","20,951","128,795","13,395","4,072","39,170","76,145","1,439","4,995","3,735","5,918","2,254","7,301","2,557,830","12,987","18,825","5,159","779,584","20,632","2,204","10,910","3,391","11,336","18,152","159,903","1,910","163,292","831,898","41,191","17,216","33,502","24,945","3,877","5,843","1,225","715,331","10,603","19,746","19,361","20,217","320,974","6,391","25,916","1,380","7,513","20,510","23,265","125,628","123,800","27,299","150,578","34,034","3,094","8,080","5,654","3,920","55,758","4,557,846","66,685","5,702","5,821","194,662","4,277","79,492","839,667","34,828","23,310","55,227","35,973","22,747","37,123","3,541","89,670","21,793","1,543","8,883","14,808","35,266","2,199","255,112","5,296","41,523","159,345","19,966","15,413","114,055","39,938",441,747,"50,880","4,391",282,"3,589","31,413","3,792","49,373","13,259","20,362","7,637","19,919","16,868","17,028","79,537","23,442","3,559","12,173","20,081",119,"298,337","5,746","8,255","245,444",828,"13,968","10,136","5,646","4,057","36,766","57,720","48,402","2,134","162,328","24,362","4,889","8,856","19,252","535,753","21,725","12,370","1,146","65,462","48,181","14,158","15,111","360,504","10,698","2,064","83,955","27,966","23,667","125,640","9,794","16,030","46,613","121,272","7,057","11,136","130,368","3,807","3,297","12,345","15,574","7,326",910,"16,698","90,170","10,387","52,965","10,440","8,349","27,361","67,117","5,922","3,195","17,570","3,333","25,373","3,058","222,390","8,618","63,484","9,385","1,333","1,398","3,915","7,477","1,984,880","136,133",867,"12,759","1,559","32,626","117,514","1,179,805","14,539","21,370","40,317","3,652","26,949","48,891","53,430","92,136","70,836","48,641","11,631","34,836","269,865","41,383","5,658","130,961","13,055","21,863","507,133","47,178","8,027","62,857","43,117","8,644","18,163","14,493","12,310"
2016,"57,526","17,791","87,682","25,162","8,781","1,843","48,720","29,629","7,196","21,701","82,591","3,638","32,812","341,094","1,927,651","11,301",657,"18,009","93,424","353,155","219,739","9,211","1,483","7,190","38,039","17,848","45,817","41,147","21,948","13,789","421,350","12,771","6,096","30,058","7,765","40,163","51,879","7,204","10,251","2,921","3,259","8,412","943,742","3,007","21,081","134,343","13,543","4,140","39,343","74,803","1,402","4,779","3,642","5,911","2,220","7,357","2,591,488","12,999","18,846","5,147","808,212","20,623","2,193","10,679","3,387","11,431","18,240","157,858","1,908","168,332","834,949","41,372","17,276","33,933","25,018","3,877","5,847","1,200","744,160","10,677","19,669","19,584","20,446","328,820","6,212","26,206","1,365","7,512","20,787","22,741","128,291","123,367","27,494","154,492","34,107","3,113","8,237","5,592","3,982","56,242","4,623,960","66,611","5,740","5,751","204,546","4,101","80,062","848,960","35,102","23,043","56,569","36,184","22,897","36,214","4,254","91,895","21,528","1,562","8,789","14,873","35,417","2,231","255,748","5,257","41,181","162,763","19,971","15,494","117,904","41,903",436,748,"51,426","4,413",292,"3,636","31,304","3,732","49,528","13,195","20,524","7,596","19,891","16,975","17,200","81,354","23,472","3,494","12,023","20,592",117,"302,094","5,775","8,124","247,553",806,"14,120","10,125","5,616","4,161","37,088","58,041","49,254","2,091","163,850","24,680","4,884","8,474","19,390","555,216","21,641","12,429","1,170","65,549","48,405","14,160","15,044","361,642","10,257","2,074","84,549","28,125","23,419","128,967","9,762","15,881","47,656","120,632","7,156","11,304","132,342","3,726","3,399","12,179","15,229","7,272",910,"16,804","93,421","10,276","52,892","10,381","8,288","27,732","67,311","5,922","3,057","17,394","3,337","25,566","3,070","225,161","8,671","63,894","9,377","1,339","1,401","3,886","7,428","2,023,556","136,257",818,"12,770","1,537","32,463","117,634","1,206,110","14,543","21,423","40,771","3,690","27,081","48,911","54,367","92,402","71,845","50,046","11,571","34,740","272,301","41,609","5,518","131,295","12,880","21,761","527,622","48,212","7,915","64,478","43,753","8,652","18,098","14,446","12,121"
2017,"58,175","17,603","87,572","25,392","8,783","1,867","49,083","29,722","7,066","22,327","84,585","3,555","32,592","347,377","1,956,988","11,481",670,"18,295","93,458","361,853","223,917","9,325","1,514","7,132","37,815","18,053","46,600","42,328","21,712","13,968","422,227","12,845","6,005","29,966","7,696","41,269","52,116","7,269","10,484","2,853","3,285","8,399","971,864","2,964","21,291","140,721","13,533","2,707","39,932","74,760","1,375","4,685","3,535","5,849","2,230","7,272","2,620,154","12,744","18,753","5,276","835,364","20,180","2,190","10,282","3,340","11,270","18,294","156,951","1,929","173,405","837,401","41,723","17,340","34,550","25,119","3,874","5,830","1,202","767,712","10,798","19,649","19,895","20,553","334,633","6,490","26,483","1,363","7,552","20,742","22,106","131,152","122,852","27,955","159,639","33,954","3,042","8,407","5,485","3,959","57,117","4,657,972","66,468","5,716","5,699","214,726","3,929","80,954","856,249","35,703","22,977","57,973","36,451","23,089","35,817","4,604","94,046","21,343","1,512","8,828","14,806","35,549","2,260","256,041","5,212","40,920","167,012","19,827","15,556","122,628","43,969",427,759,"51,892","4,385",289,"3,711","30,752","3,674","49,568","13,165","20,861","7,530","20,028","17,109","17,235","83,597","23,391","3,364","12,146","21,167",133,"305,413","5,832","7,941","251,631",765,"14,251","10,057","5,531","4,179","36,805","58,111","50,183","2,110","165,318","24,939","4,917","8,215","19,399","571,615","21,604","12,375","1,226","65,317","48,739","13,908","14,854","361,235","9,996","2,104","84,971","28,544","23,211","133,501","9,710","15,634","48,990","120,340","7,100","11,730","134,015","3,712","3,417","12,164","15,166","7,180",941,"17,153","96,824","10,282","54,213","10,417","8,302","28,231","67,210","5,996","2,989","17,003","3,289","25,225","3,046","227,195","8,855","64,130","9,287","1,287","1,376","3,792","7,446","2,056,451","136,634",814,"12,429","1,510","32,619","117,566","1,227,585","14,677","21,517","41,069","3,658","27,043","49,028","55,163","92,045","72,816","51,717","11,383","34,861","273,691","41,837","5,300","131,689","12,683","21,508","546,251","49,211","7,605","65,848","44,263","8,557","17,922","14,254","11,957"
2018,"57,974","18,011","86,810","23,446","8,700","1,879","50,322","29,965","7,015","22,792","86,595","3,573","32,467","355,397","1,981,187","11,648",647,"18,629","93,688","368,887","225,781","9,272","1,512","7,099","37,820","18,335","47,344","43,161","21,504","13,990","422,139","12,983","6,007","30,106","7,588","42,227","52,381","7,315","10,448","2,831","3,355","8,367","1,004,307","2,942","21,305","148,141","13,540","2,683","40,504","74,741","1,382","4,755","3,439","5,764","2,194","7,303","2,629,350","12,605","18,711","5,332","858,741","20,106","2,218","10,195","3,315","11,147","18,319","161,960","1,908","179,006","836,825","42,223","17,231","35,185","25,278","3,821","5,783","1,191","788,081","10,778","19,789","20,211","20,820","337,858","6,243","26,702","1,391","7,588","20,781","22,051","133,787","123,251","28,291","163,276","33,631","3,025","8,477","5,470","3,929","57,107","4,680,045","66,584","5,611","5,699","222,706","3,845","82,103","862,298","36,165","22,971","60,177","36,738","23,068","35,925","4,788","96,606","21,119","1,516","8,825","14,834","35,769","2,243","253,234","5,192","40,756","171,121","19,866","15,660","128,279","45,603",437,726,"52,415","4,338",276,"3,692","30,722","3,662","49,729","13,103","21,134","7,493","20,114","17,097","17,260","85,802","23,343","3,342","12,148","21,600",148,"307,627","5,848","7,982","254,196",731,"14,363","9,915","5,681","4,259","36,566","58,276","50,862","2,120","172,505","25,045","4,883","8,525","19,584","589,770","21,083","12,303","1,232","65,161","49,536","13,751","14,799","362,026","9,866","2,118","83,474","28,874","23,142","138,070","9,719","15,709","49,955","118,711","6,856","12,147","135,691","3,736","3,477","12,143","15,513","7,000",898,"17,219","100,546","10,178","54,301","10,576","8,254","28,717","66,671","6,060","2,880","16,812","3,256","25,307","3,101","229,749","9,030","64,249","9,405","1,304","1,352","3,752","7,413","2,081,446","137,294",810,"12,344","1,504","32,743","118,014","1,246,572","14,688","21,609","41,179","3,637","26,787","48,988","55,966","91,878","73,136","53,512","11,709","35,496","275,120","41,499","5,158","131,807","12,777","21,450","566,463","50,196","7,778","68,284","45,157","8,590","17,986","14,149","11,969"
2019,"57,735","18,705","86,715","23,510","8,553","1,887","51,153","30,032","7,000","23,112","88,723","3,509","32,565","362,924","2,003,554","11,931",654,"18,685","93,245","374,264","229,211","9,203","1,546","7,093","37,864","18,443","48,155","43,664","21,290","13,943","423,163","13,094","5,926","30,026","7,530","43,837","52,646","7,306","10,471","2,853","3,387","8,175","1,034,730","2,920","21,493","156,209","13,635","2,726","41,257","75,951","1,398","4,797","3,464","5,737","2,171","7,287","2,635,516","12,728","18,546","5,331","887,207","20,160","2,211","10,124","3,278","11,157","18,360","166,223","1,932","184,826","839,238","42,698","17,297","35,514","25,346","3,830","5,712","1,155","811,688","10,725","19,717","20,306","21,492","342,139","6,229","26,988","1,409","7,658","20,837","21,886","136,212","123,945","28,880","166,847","33,406","2,964","8,461","5,399","3,933","57,602","4,713,325","66,553","5,576","5,658","230,191","3,819","82,737","868,707","36,649","23,021","61,643","37,084","22,968","36,664","4,886","98,594","20,938","1,536","8,935","14,760","35,529","2,274","251,565","5,200","40,482","175,817","20,083","15,601","136,154","47,431",404,762,"52,600","4,337",272,"3,667","30,680","3,664","49,859","12,893","21,428","7,520","20,154","17,239","17,404","88,219","23,437","3,233","12,207","21,795",169,"310,569","5,951","7,984","256,623",743,"14,284","9,854","5,771","4,274","36,643","58,722","51,584","2,138","176,832","24,823","4,873","8,545","19,818","607,391","20,940","12,388","1,200","65,204","50,113","13,595","14,714","362,294","9,836","2,112","83,396","29,189","23,194","142,878","9,605","15,823","51,353","117,415","6,704","12,514","137,713","3,849","3,452","12,023","15,976","6,948",854,"17,074","104,915","10,264","54,406","10,542","8,237","28,859","66,730","6,055","2,793","16,703","3,265","25,274","3,022","232,751","9,128","64,633","9,366","1,291","1,350","3,776","7,397","2,102,515","138,034",776,"12,337","1,501","32,750","119,200","1,273,954","14,651","21,672","41,753","3,657","26,741","49,025","56,590","92,084","72,971","55,246","11,998","35,882","276,652","41,556","5,056","132,230","12,769","21,358","590,551","51,070","8,010","69,984","45,539","8,713","18,010","14,179","11,840"
